PARAM,AVG_TIME,RUN,FAILED,NB_INSTANCES
20,190.7082717991269ms,1,1,1
20,148.42467147565534ms,2,1,1
20,177.46793449939085ms,3,1,1
40,1656.2394606779326ms,1,1,1
40,602.2784438200765ms,2,1,1
40,634.2299638061826ms,3,1,1
60,3430.347819424363ms,1,1,1
60,1944.9436391754407ms,2,1,1
60,930.7703586148574ms,3,0,1
