Type,Name,Request Count,Failure Count,Median Response Time,Average Response Time,Min Response Time,Max Response Time,Average Content Size,Requests/s,Failures/s,50%,66%,75%,80%,90%,95%,98%,99%,99.9%,99.99%,100%
GET,//api/timeline?user=user763&limit=20,9,0,1700,1744.258397221832,1583.5488120010268,2014.6397820008133,2084.0,0.3036971543524852,0.0,1700,1700,1900,2000,2000,2000,2000,2000,2000,2000,2000
,Aggregated,9,0,1700,1744.258397221832,1583.5488120010268,2014.6397820008133,2084.0,0.3036971543524852,0.0,1700,1700,1900,2000,2000,2000,2000,2000,2000,2000,2000
